language,question
python,How can I use NumPy to perform matrix multiplication in Python?
python,Can someone provide an example of using pandas to read and manipulate CSV files in Python?
python,How do I install and use Matplotlib to create plots and visualizations in Python?
python,What's the best way to handle dates and times in Python using the datetime module?
python,How do I use requests to make HTTP requests and fetch data from a web API in Python?
python,Can someone explain the use of TensorFlow for building and training neural networks in Python?
python,How do I work with JSON data in Python using the json module?
python,What's the best way to handle exceptions in Python using the built-in try-except blocks?
python,How can I use scikit-learn for machine learning tasks such as classification and regression in Python?
python,How do I manipulate images in Python using the OpenCV library?
python,Can someone provide an example of using Flask to build a web application in Python?
python,How do I use BeautifulSoup to scrape and extract data from HTML pages in Python?
python,What's the best way to handle authentication and authorization in Django web applications in Python?
python,How do I work with databases in Python using SQLAlchemy for object-relational mapping?
python,Can someone explain the use of PyTorch for deep learning tasks such as building neural networks in Python?
python,How can I use tkinter to create graphical user interfaces (GUIs) in Python?
python,What's the best way to parse XML files in Python using the ElementTree module?
python,How do I use logging to record and manage log messages in Python applications?
python,Can someone provide an example of using pytest for writing and running unit tests in Python?
python,How do I work with asynchronous programming in Python using the asyncio module?
python,How do I use NumPy to generate random numbers in Python?
python,What's the difference between list comprehension and generator expression in Python?
python,How can I sort a dictionary by its values in Python?
python,Can someone provide an example of using the os module for file and directory operations in Python?
python,How do I iterate over multiple lists simultaneously in Python?
python,What's the best way to remove duplicates from a list in Python?
python,How can I convert a string to lowercase in Python?
python,Can someone explain the use of decorators in Python?
python,How do I find the index of an element in a list in Python?
python,What's the best way to read and write files in Python?
python,How can I check if a key exists in a dictionary in Python?
python,Can someone provide an example of using regular expressions in Python?
python,How do I calculate the factorial of a number in Python?
python,What's the difference between `==` and `is` in Python?
python,How can I concatenate two lists in Python?
python,Can someone explain the difference between `append()` and `extend()` methods in Python lists?
python,How do I reverse a list in Python?
python,What's the best way to iterate over a dictionary in Python?
python,How can I convert a list to a string in Python?
python,Can someone provide an example of using `zip()` function in Python?
python,How do I split a string into a list of substrings in Python?
python,What's the difference between `__str__()` and `__repr__()` in Python?
python,How can I check if a string contains a substring in Python?
python,Can someone explain the difference between `==` and `is` in Python?
python,How do I calculate the length of a string in Python?